{"_id":"RAWmeM3J2p","name":"root","email":"root@root.com","pwd":"ISMvKXpXpadDiUoOSoAfww==","user_todo":[{"_id":{"$oid":"5d0cc0b3d78b2f1a44f1d5ca"},"todo_id":"nFcW","todo_name":"todo test","old_todo":{"$numberInt":"0"},"time_stamp":"2019-06-21"},{"_id":{"$oid":"5d0cc285e6ae891e0099fb0f"},"todo_id":"NjE2","todo_name":"todo","old_todo":{"$numberInt":"1"},"time_stamp":"2019-06-21"},{"_id":{"$oid":"5d0cc2bd4cc57a21a0882c89"},"todo_id":"v9ru","todo_name":"another one","old_todo":{"$numberInt":"1"},"time_stamp":"2019-06-21"}],"__v":{"$numberInt":"0"}}
{"_id":"EgrP6LHhen","name":"Admin","email":"admin@admin.com","pwd":"ISMvKXpXpadDiUoOSoAfww==","user_todo":[{"_id":{"$oid":"5d0cc6e46a264526dcb2ae15"},"todo_id":"2tH9","todo_name":"testing out my todo list","old_todo":{"$numberInt":"0"},"time_stamp":"2019-06-21"},{"_id":{"$oid":"5d1091cd318645109c3b5fe7"},"todo_id":"2n9Z","todo_name":"Check my todo","old_todo":{"$numberInt":"0"},"time_stamp":"2019-06-24"},{"_id":{"$oid":"5d109337318645109c3b5fe8"},"todo_id":"Wbuv","todo_name":"Hello TOdo","old_todo":{"$numberInt":"1"},"time_stamp":"2019-06-24"}],"__v":{"$numberInt":"0"}}
